﻿{
	"users": {
		"designer": {
			"alias": "Designer"
		},
		"administrator": {
			"alias": "Administrator"
		},
		"Neuer Anwender": {}
	},
	"groups": {
		"Neue Gruppe": {
			"users": [
				"Administrator"
			]
		}
	},
	"sqlSchemaGranters": {
		"DEFAULT_SCHEMA": {
			"readOnlyAccessGroup": "*",
			"readWriteAccessGroup": "*",
			"allAccessGroup": ""
		}
	},
	"remoteGranters": {
		"web": "*",
		"soap": "*",
		"oci": "*",
		"write": "*",
		"view": "*",
		"odbcPro": "*"
	},
	"settings": {
		"localGenericWebUser": "Designer",
		"designAccessGroup": "*",
		"localMobileAccessGroupRW": "*",
		"remoteMobileAccessGroupRW": "*",
		"remoteGenericWebUser": "Designer",
		"remoteDefaultUser": ""
	}
}